dataset_id	metadata_complete	dataset_type	ena_project_accession	ena_project_description	dataset_name	instrument_platform	instrument_model	library_layout	target_gene	target_subfragment	target_subfragment_length	pcr_primer_fwd	pcr_primer_rev	pcr_primer_fwd_seq	pcr_primer_rev_seq	organization	principal_investigator	publication_url	dna_extraction_kit				metadata_drive	sequencing_center	
ENA_PRJDB15313	TRUE	ENA	PRJDB15313	Amplicon sequencing of environmental DNA Soil fungal and bacterial communities under effects of urbanization and forest fragmentation in Massachusetts		Illumina	MiSeq	paired	16S rRNA	V4	250	515F	806R	GTGCCAGCMGCCGCGGTAA	GGACTACHVGGGTWTCTAAT			https://doi.org/10.1073/pnas.2307519120	DNeasy PowerSoil HTP 96 Kit (QIAGEN)			Just-a-Plate™ 96 PCR Purification Kit (Charm Biotech)		Tufts University Core Facility (TUCF) – Genomics Core – Tufts University (Medford, MA, USA)	
ENA_PRJDB7915	TRUE	ENA	PRJDB7915	Comparison of bacterial flora inhabiting river volume soils in Aomori and Fukushima prefectures, Japan.	Fukushima (river soils)	Illumina	MiSeq	paired	16S rRNA	V4		515F	806R	GTGCCAGCMGCCGCGGTAA	GGACTACHVGGGTWTCTAAT		Tokonami, S.	https://doi.org/10.1093/rpd/ncz114	MPure Bacterial DNA Extraction Kit (MP Biochemicals, USA)					in-house	
ENA_PRJDB7978	TRUE	ENA	PRJDB7978	Microbial communities in soils contaminated with radioactive cesium released from the Fukushima Daiichi nuclear power plant	Fukushima (soil)	Illumina	MiSeq	paired	16S rRNA	V4	300	515F	806R	GTGCCAGCMGCCGCGGTAA	GGACTACHVGGGTWTCTAAT	National Institute of Advanced Industrial Science and Technology	Katayama, Yoko	https://doi.org/10.1016/j.scitotenv.2020.143844	Noll et al. (2005)	AMPure XP PCR Purification Beads (Beckman Coulter)	QIAquick® Gel Extraction Kit (QIAGEN)			in-house	
ENA_PRJEB12169	TRUE	ENA	PRJEB12169	Geomicrobiology of a bench-scale reactor for the (bio)leaching of uranium		Illumina	MiSeq	paired	16S rRNA	V1-V3	300	27F	519R	AGAGTTTGATCMTGGCTCAG	GWATTACCGCGGCKGCTG			https://doi.org/10.1016/j.hydromet.2016.11.002	DNeasy PowerWater Kit (QIAGEN); FastDNA SPIN Kit for Soil (MP Biomedicals); DNeasy PowerMax Soil Kit (QIAGEN)	AMPure XP PCR Purification Beads (Beckman Coulter)		SequalPrep™ Normalization Plate (Invitrogen)		in-house	
ENA_PRJEB20465	TRUE	ENA	PRJEB20465	In this study we characterized microbial communities in tailings from a uranium mine waste facility, the Rabbit Lake In-Pit Tailings Management Facility (RLITMF), in Northern Saskatchewan, Canada. We sampled two RLITMF boreholes in summer 2014, taking samples from a number of depths in both boreholes. We used high-throughput amplicon sequencing (Illumina MiSeq platform) of the 16S rRNA gene (V4 region) to look at bacterial and archaeal diversity in the samples.	Rabbit Lake	Illumina	MiSeq	paired	16S rRNA	V4		515F	806R	GTGCCAGCMGCCGCGGTAA	GGACTACHVGGGTWTCTAAT		Joyce McBeth	https://harvest.usask.ca/server/api/core/bitstreams/a33918b0-c287-46c1-a514-52f9215f94ae/content	FastDNA SPIN Kit for Soil (MP Biomedicals)					Research and Testing Laboratory (Lubbock, TX, USA)	
ENA_PRJEB2206	TRUE	ENA	PRJEB2206	A combined massive parallel sequencing-indicator species approach revealed significant association between sulfate-reducing bacteria and uranium-reducing microbial communities	Oak Ridge Field Research Center	454	GS FLX	single	16S rRNA	V4		563F	802R	AYTGGGYDTAAAGVG	TACNVGGGTATCTAATCC		Tiedje, James	https://doi.org/10.1128/AEM.01097-10	DNeasy PowerSoil Kit (QIAGEN)		QIAquick® Gel Extraction Kit (QIAGEN)	QIAquick® PCR Purification Kit (QIAGEN)		in-house	
ENA_PRJEB27237	TRUE	ENA	PRJEB27237	Soil prokaryotic communities (16S rRNA gene) in the mine waste contaminated Ogosta floodplain.	Ogosta floodplain	Illumina	MiSeq	paired	16S rRNA	V4	200	U519F	806R	CAGCMGCCGCGGTAATWC	GGACTACHVGGGTMTCTAATC	ETH ZURICH	Sara Hallin	https://doi.org/10.1016/j.apsoil.2019.07.022	DNeasy PowerSoil Kit (QIAGEN)	AMPure XP PCR Purification Beads (Beckman Coulter)				Genetic Diversity Center – ETH Zurich (Zurich, Switzerland)	
ENA_PRJEB35080	TRUE	ENA	PRJEB35080	Impact of crop diversification on soil microbial diversity, yield, and soil multifunctionality		Illumina	MiSeq	paired	16S rRNA	V3-V4	250	S-D-Arch-0349-a-S-17	S-D-Bact-0785-a-A-21	GYGCASCAGKCGMGAAW	GACTACHVGGGTATCTAATCC			https://doi.org/10.1111/1462-2920.15830; https://doi.org/10.1111/1462-2920.16673; https://doi.org/10.1038/s43016-020-00210-8	DNeasy PowerSoil HTP 96 Kit (QIAGEN)	AMPure XP PCR Purification Beads (Beckman Coulter)				SciLifeLab – Uppsala University (Uppsala, Sweden)	
ENA_PRJEB40563	TRUE	ENA	PRJEB40563	Microbial community of a replica radioactive waste trench		Illumina	MiSeq	paired	16S rRNA	V4	250	515F-Y	806RB	GTGYCAGCMGCCGCGGTAA	GGACTACNVGGGTWTCTAAT		David Waite	https://doi.org/10.1021/acs.est.1c01604; https://doi.org/10.1016/j.scitotenv.2022.158241	DNeasy PowerSoil Kit (QIAGEN)	AMPure XP PCR Purification Beads (Beckman Coulter)		SequalPrep™ Normalization Plate (Invitrogen)		Ramaciotti Centre for Genomics – University of New South Wales (Sydney, Australia)	
ENA_PRJEB42019	FALSE	ENA	PRJEB42019	Earth Microbiome Project Multi-omics (EMP500)	EMP500	Illumina	MiSeq	single	16S rRNA	V4		515F	806R	GTGYCAGCMGCCGCGGTAA	GGACTACNVGGGTWTCTAAT			https://doi.org/10.1038/s41564-022-01266-x	MagAttract PowerSoil DNA KF Kit (27100-EP) (QIAGEN)					in-house	
ENA_PRJEB47327	FALSE	ENA	PRJEB47327	Surface water 16S rRNA gene amplicons from the NSERC Canadian Lake Pulse Network	NSERC Canadian Lake Pulse Network	Illumina	MiSeq	paired	16S rRNA	V4	250	515F	806R	GTGCCAGCMGCCGCGGTAA	GGACTACHVGGGTWTCTAAT			https://doi.org/10.1016/j.hal.2022.102187; https://doi.org/10.1016/j.watres.2023.119596	DNeasy PowerWater Kit (QIAGEN)					Shapiro Lab – Université de Montréal (Montreal, Canada)	
ENA_PRJEB50310	TRUE	ENA	PRJEB50310	Chernobyl wetland environmental microbiomes	Chernobyl (wetland)	Illumina 	NovaSeq 6000	paired	16S rRNA	V4		515F	806R	GTGYCAGCMGCCGCGGTAA	GGACTACNVGGGTWTCTAAT			https://doi.org/10.1101/2022.01.17.476627	DNeasy PowerSoil Kit (QIAGEN); NZY Tissue gDNA Isolation Kit (NZYTech)	Mag-Bind® RXNPure Plus Magnetic Beads (Omega Bio-Tek)				in-house	
ENA_PRJEB50900	TRUE	ENA	PRJEB50900	The Chernobyl Exclusion Zone soil microbiome across radiation, soil quality and wildfire burn gradients	Chernobyl Exclusion Zone (soil)	Illumina 	NovaSeq  	paired	16S rRNA	V4	250	515F	806R	GTGCCAGCMGCCGCGGTAA	GGACTACHVGGGTWTCTAAT			https://doi.org/10.1016/j.scitotenv.2024.175381	?					Centre for Genomics – University of Liverpool (Liverpool, UK)	
ENA_PRJEB51015	FALSE	ENA	PRJEB51015	Selection, drift and community interactions shape microbial biogeographic patterns in the upper ocean	Pacific Ocean	Illumina	MiSeq	paired	16S rRNA	V4-V5	300	515F	926R	GTGYCAGCMGCCGCGGTAA	CCGYCAATTYMTTTRAGTTT			https://doi.org/10.1038/s41396-022-01318-4; https://doi.org/10.1038/s41467-023-41909-z; https://doi.pangaea.de/10.1594/PANGAEA.918500	DNeasy PowerSoil Kit (QIAGEN)	AMPure XP PCR purification beads (Beckman Coulter, Indianapolis, IN, USA)				in-house	
ENA_PRJEB53327	TRUE	ENA	PRJEB53327	A 16S rRNA gene survey along the length of the Grand River, ON, Canada during low and high flow seasons.	Grand River	Illumina	MiSeq	paired	16S rRNA	V4-V5	250	515F-Y	926R	GTGYCAGCMGCCGCGGTAA	CCGYCAATTYMTTTRAGTTT		Neufeld, Josh D.	https://doi.org/10.1139/cjm-2023-0092	DNeasy PowerWater Sterivex Kit (QIAGEN)		Wizard® SV Gel and PCR Clean-Up System (Promega)			in-house	
ENA_PRJNA1002610	FALSE	ENA	PRJNA1002610	Microbial communities of mountain lake sediments in Wyoming, USA	Wyoming (mountain lake sediment)	Illumina 	NovaSeq 6000	paired	16S rRNA	V4	250	515F	806R	GTGYCAGCMGCCGCGGTAA	GGACTACNVGGGTWTCTAAT			https://doi.org/10.1111/1462-2920.16607	DNeasy PowerSoil Kit (QIAGEN)					University of Texas Genomic Sequencing and Analysis Facility (GSAF) – University of Texas at Austin (Austin, TX, USA)	
ENA_PRJNA1003951	FALSE	ENA	PRJNA1003951	Microbial community development in Base Mine Lake, the first end-pit-lake in the Alberta oil sands region	Base Mine Lake	Illumina	MiSeq	paired	16S rRNA	V3-V4		341F	785R	CCTACGGGNGGCWGCAG	GACTACHVGGGTATCTAATCC			https://doi.org/10.1186/s40793-023-00544-3; https://doi.org/10.1111/1462-2920.70029	FastDNA SPIN Kit for Soil (MP Biomedicals)					in-house	
ENA_PRJNA1017456	TRUE	ENA	PRJNA1017456	The aim of the project was to identify the microbial community in a nuclear storage pond, in order to determine which organisms were responsible for problematic blooms. The data was then used to change settings on ultrasonic units, with the goal of optimising bloom control strategies in the facility.	Sellafield SNF Pond	Illumina	MiSeq	paired	16S rRNA	V4	250	515F	806R	GTGYCAGCMGCCGCGGTAA	GGACTACNVGGGTWTCTAAT		Lloyd, Johnathan R.	https://doi.org/10.3389/fmicb.2023.1261801	DNeasy PowerWater Kit (QIAGEN)			SequalPrep™ Normalization Plate Kit (Thermo Fisher Scientific)		in-house	in-house
ENA_PRJNA1088106	TRUE	ENA	PRJNA1088106	The aim of this study was to use a multidisciplinary approach (biological, chemical, radiological) to determine whether radioelements, compared with other physico-chemical parameters, could be abiotic drivers of bacterial community structuring in sediments from five mineral springs naturally enriched in radionuclides, located in the Massif Central (France).	High RN Springs	Illumina	MiSeq	paired	16S rRNA	V4-V5		515F	928R	GTGYCAGCMGCCGCGGTA	CCCCGYCAATTCMTTTRAGT		Holub, Guillame	https://doi.org/10.3389/fmicb.2024.1423342	FastDNA SPIN Kit for Soil (MP Biomedicals)					GeT-PlaGe Platform – INRAE (Toulouse, France)	
ENA_PRJNA1214840	FALSE	ENA	PRJNA1214840	Antarctica Survey Soil Sequencing	Antarctica (soil)	Illumina	MiSeq	paired	16S rRNA	V4	150	515F	806R	GTGCCAGCMGCCGCGGTAA	GGACTACHVGGGTWTCTAAT			https://doi.org/10.1007/s00300-025-03372-y	DNeasy PowerSoil Pro HTP 96 Kit (QIAGEN)			SequalPrep™ Normalization Plate Kit (Thermo Fisher Scientific)		in-house	
ENA_PRJNA323375	TRUE	ENA	PRJNA323375	Response of soil bacteria to anthropogenic soil variables at large spatial scales	New Zealand 1	Illumina	MiSeq	paired	16S rRNA	V3-V4	300	341F	785R	CCTACGGGNGGCWGCAG	GACTACHVGGGTATCTAATCC		Lear, Gavin	https://doi.org/10.1128/AEM.02826-16; https://doi.org/10.1186/s40793-023-00485-x	DNeasy PowerSoil HTP 96 Kit (QIAGEN)					New Zealand Genomics Ltd. (Auckland, New Zealand)	in-house
ENA_PRJNA327169	TRUE	ENA	PRJNA327169	Microbial mats from abandoned mines 16S		Illumina	MiSeq	paired	16S rRNA	V3-V4	300	BacV3V4F	BacV3V4R	AGCCTACGGGNGGCWGCAG	GCGACTACHVGGGTATCTAATCC			https://doi.org/10.3389/fmicb.2016.01252	Zhou et al. (1996)		Wizard® Plus SV Minipreps DNA Purification System (Promega)			in-house	
ENA_PRJNA338649	TRUE	ENA	PRJNA338649	Bacterial community profiles in a bioreduced uranium contaminated site after reoxidation	Oak Ridge Field Research Center 2	454	FLX Titanium	single	16S rRNA	V3-V4		338F	802R	ACTCCTACGGGAGGCAGCAG	TACNVGGGTATCTAATCC			https://doi.org/10.1128/AEM.02885-17	FastDNA SPIN Kit for Soil (MP Biomedicals)					Genomics Core – The University of Hong Kong (Hong Kong, China)	
ENA_PRJNA432647	TRUE	ENA	PRJNA432647	Bacterial community in arsenic contaminated soil	Arsenic-contaminated (soil)	454	GS Junior	single	16S rRNA	V1-V3		9F	541R	GAGTTTGATCMTGGCTCAG	ATTACCGCGGCTGCTGG	Seoul National University	Kyoungphile Nam	https://doi.org/10.1016/j.jhazmat.2019.06.006	FastDNA SPIN Kit for Soil (MP Biomedicals)	AMPure XP PCR Purification Beads (Beckman Coulter)		QIAquick® PCR Purification Kit (QIAGEN)		Chunlab, Inc. (Seoul, South Korea)	
ENA_PRJNA438873	FALSE	ENA	PRJNA438873	Paddy soil bacterial and diazotroph community study		Illumina	MiSeq	paired	16S rRNA	V4	250	515F	806R	GTGCCAGCMGCCGCGGTAA	GGACTACHVGGGTWTCTAAT			https://doi.org/10.1016/j.soilbio.2019.107696	DNeasy PowerMax Soil Kit (QIAGEN)		QIAquick® Gel Extraction Kit (QIAGEN)			Institute for Environmental Genomics (IEG) – University of Oklahoma (Norman, OK, USA)	
ENA_PRJNA451196	TRUE	ENA	PRJNA451196	Sediment samples from meromictic pit lakes at Cluff Lake, SK, Canada	Cluff Lake	Illumina	MiSeq	paired	16S rRNA	V4-V5		515F	806R	GTGYCAGCMGCCGCGGTAA	GGACTACVSGGGTATCTAAT			https://era.library.ualberta.ca/items/0f84e92f-6479-4b97-8f3b-e20151f67abb/view/ac234240-7411-4715-8089-cf26e21d9e41/Von_Gunten_Konstantin_201907_PhD.pdf	DNeasy PowerWater Kit (QIAGEN)				ENA_PRJNA451196 Metadata		
ENA_PRJNA485229	TRUE	ENA	PRJNA485229	paddy soil sample sequencing over long-term cadmium stress	Cadmium-contaminated (soil)	Illumina	MiSeq	paired	16S rRNA	V4		515F	806R	GTGCCAGCMGCCGCGGTAA	GGACTACHVGGGTWTCTAAT	Hunan Academy of Agricultural Science	F. Liu	https://doi.org/10.1016/j.apsoil.2019.03.022	FastDNA SPIN Kit for Soil (MP Biomedicals)		E.Z.N.A.® Gel Extraction Kit (Omega Bio-tek)			Novogene Co., Ltd. (Beijing, China)	
ENA_PRJNA503856	FALSE	ENA	PRJNA503856	This study was conducted on two organic farms in Illinois to determine what, if any, legacy effects resulted from the use of cover crop mixtures or monocultures on soil bacterial, archaeal, and fungal community composition.	Illinois cover crops	Illumina	MiSeq	single	16S rRNA	V4-V5		515F	806R	GTGYCAGCMGCCGCGGTAA	GGACTACVSGGGTATCTAAT			https://doi.org/10.3389/fsoil.2022.824087	FastDNA SPIN Kit for Soil (MP Biomedicals)					W. M. Keck Center for Comparative and Functional Genomics – University of Illinois at Urbana-Champaign (Urbana, IL, USA)	
ENA_PRJNA513194	TRUE	ENA	PRJNA513194	16S rRNA sequences from peat, soil, and a non-iron inorganic permeable reactive barrier material at Cluff Lake, SK, Canada Raw sequence reads	Cluff Lake 2	Illumina	MiSeq	paired	16S rRNA	V4	250	515F	806R	GTGCCAGCMGCCGCGGTAA	GGACTACHVGGGTWTCTAAT			https://doi.org/10.1029/2019JG005438	FastDNA SPIN Kit for Soil (MP Biomedicals)					in-house	
ENA_PRJNA525388	TRUE	ENA	PRJNA525388	Microbial bloom formation in a high pH spent nuclear fuel pond	Sellafield SNF Pond 2	Illumina	MiSeq	paired	16S rRNA	V4	250	515F	806R	GTGYCAGCMGCCGCGGTAA	GGACTACHVGGGTWTCTAAT		Lloyd, Johnathan R.	https://doi.org/10.1016/j.scitotenv.2020.137515	DNeasy PowerWater Kit (QIAGEN)			SequalPrep™ Normalization Plate Kit (Thermo Fisher Scientific)		in-house	
ENA_PRJNA553521	TRUE	ENA	PRJNA553521	Microbioal diversity of water samples from Mongolia	Mongolia (water)	Illumina	MiSeq	paired	16S rRNA	V3-V4	250	341F	785R	CCTACGGGNGGCWGCAG	GACTACHVGGGTATCTAATCC			https://doi.org/10.1016/j.scitotenv.2020.137758						LGC Genomics GmbH (Berlin, Germany)	
ENA_PRJNA558356	FALSE	ENA	PRJNA558356	Microbial community in various designs of wastewater treatment facility bioreactors	WWTPs	Illumina	MiSeq	paired	16S rRNA	V4		Meta_V4_515F	Meta_V4_806R	GTGCCAGCMGCCGCGGTAA	GACTACHVGGGTWTCTAAT			https://doi.org/10.1128/AEM.01044-21	FastDNA SPIN Kit for Soil (MP Biomedicals)					University of Minnesota Genomics Center (UMGC) – University of Minnesota (Minneapolis, MN, USA)	
ENA_PRJNA578562	FALSE	ENA	PRJNA578562	This study aims to increase our understanding of how natural and anthropogenic-driven variation impacts soil bacterial communities. Soil samples were collected across New Zealand from indigenous, exotic, horticulture and pasture sites. The bacterial community composition was then determined using Illumina MiSeq sequencing of the V3-V4 region of the 16S rRNA gene.	New Zealand 2	Illumina	MiSeq	paired	16S rRNA	V3-V4	300	341F	785R	CCTACGGGNGGCWGCAG	GACTACHVGGGTATCTAATCC		Lear, Gavin	https://doi.org/10.1186/s40168-020-00858-1	DNeasy PowerSoil HTP 96 Kit (QIAGEN)					Auckland Genomics – University of Auckland (Auckland, New Zealand)	
ENA_PRJNA613078	TRUE	ENA	PRJNA613078	Microbial community from in-field bioreactor perturbation study	Oak Ridge Field Research Center 3	Illumina	MiSeq	paired	16S rRNA	V4		515F	806R	GTGCCAGCMGCCGCGGTAA	GGACTACHVGGGTWT CTAAT			https://doi.org/10.1371/journal.pone.0232437	DNeasy PowerMax Soil Kit (QIAGEN); DNeasy PowerSoil HTP 96 Kit (QIAGEN)					Institute for Environmental Genomics (IEG) – University of Oklahoma (Norman, OK, USA)	
ENA_PRJNA613763	TRUE	ENA	PRJNA613763	Soil bacteria microorganism	N fertilizer	Illumina	MiSeq	paired	16S rRNA	V3-V4	300	338F	806R	ACTCCTACGGGAGGCAGCAG	GGACTACHVGGGTWTCTAAT			https://doi.org/10.3389/fmicb.2020.01948	FastDNA SPIN Kit for Soil (MP Biomedicals)		AxyPrep™ DNA Gel Extraction Kit (Axygen Biosciences)			Majorbio Bio-Pharm Technology Co., Ltd. (Shanghai, China)	
ENA_PRJNA615213	FALSE	ENA	PRJNA615213	Comparison of microbial analysis between un-contaminated and contaminated Savannah River Site (SRS) site locations	SRS FA&M				16S rRNA							Florida A&M University	Chauhan, A.	Unknown							
ENA_PRJNA616017	FALSE	ENA	PRJNA616017	Co-occurrence of antibiotic, biocide, and heavy metal resistance genes on bacteria from metal and radionuclide contaminated soils at the Savannah River Site	SRS UG	Illumina	MiSeq	single	16S rRNA	V4		S‐D‐Bact‐041‐b‐S‐17	S‐D‐Bact‐0785‐a‐A‐21	CCTACGGGNGGCWGCAG	GACTACHVGGGTATCTAATCC	University of Georgia	Glenn, Travis C.	https://doi.org/10.1111%2F1751-7915.13578	DNeasy PowerSoil Kit (QIAGEN)					Georgia Genomics and Bioinformatics Core (GGBC, University of Georgia)	
ENA_PRJNA630593	FALSE	ENA	PRJNA630593	Metals and radionuclides can exert a persistent pressure on the soil microbial community, which is essential for a healthy soil ecosystem. However, little is known on the effect of long-term co-contamination of metals and radionuclides. We investigated the impact of historical discharges of the phosphate and nuclear industry on the microbial community in a river basin in Belgium. Eight locations were sampled along a transect to the river edge and one control location further in the field. A clear metal and radionuclide contamination gradient was shown. Through a combination of detailed chemical analysis, 16S rRNA gene sequencing, shotgun metagenomics and targeted toxicity experiments, a relation between the chemical parameters and the bacterial community structure was demonstrated. Although no difference in biomass was observed between locations, communities originating from contaminated locations were more adapted to metal stressors compared to control communities. Furthermore, nitrification, an important soil process, was affected in the contaminated locations. In conclusion, these results clearly indicate that long-term metal and radionuclide pollution impacts the microbial community structure and functionality. Moreover, this study provides important fundamental insights into microbial community dynamics in co-metal-radionuclide contaminated sites and could facilitate identifying sites for targeted isolations of adapted strains towards bioremediation applications.	BNRC	Illumina	MiSeq		16S rRNA	V3-V4						Belgian Nuclear Research Centre	Van Houdt, Rob	https://doi.org/10.1111/1462-2920.15394	DNeasy PowerMax Soil Kit (QIAGEN)					Baseclear (Leiden, the Netherlands)	
ENA_PRJNA656170	FALSE	ENA	PRJNA656170	Change in soil bacterial communities from grazed land to forest soils	Grazing activity (soil)	Illumina	MiSeq	paired	16S rRNA	V3-V4	250	341F	785R	CCTACGGGNGGCWGCAG	GACTACHVGGGTATCTAATCC			http://doi.org/10.1111/1462-2920.15473	DNeasy PowerSoil Kit (QIAGEN)	AMPure XP PCR Purification Beads (Beckman Coulter)				in-house	
ENA_PRJNA675659	FALSE	ENA	PRJNA675659	The field survey assess microbial community and function for long term rehabilitation trial	Ranger Uranium Mine	Illumina	MiSeq	paired	16S rRNA			926F	1392R	AAACTYAAAKGAATTGACGG	ACGGGCGGTGWGTRC	University of Queensland	Huang, Longbin	https://doi.org/10.1016/j.scitotenv.2021.151571	DNeasy PowerSoil Kit (QIAGEN)					Australian Centre for Ecogenomics, University of Queensland	
ENA_PRJNA682830	FALSE	ENA	PRJNA682830	Wildfire-Impacted Soil and Aquatic Microbiomes	Wildfire-impacted	Illumina	MiSeq	paired	16S rRNA	V4	250	515F	806R	GTGCCAGCMGCCGCGGTAA	GGACTACHVGGGTWT CTAAT			https://doi.org/10.1101/2021.08.17.456416	ZymoBIOMICS DNA Kit for Fecal/Soil (Zymo Research)	de				Colorado BioFrontiers Institute Next-Gen Sequencing Core Facility – University of Colorado (Boulder, CO, USA)	
ENA_PRJNA687811	FALSE	ENA	PRJNA687811	Changes of soil bacterial and fungal communities after uranium pollution		Illumina	MiSeq											https://doi.org/10.1016/j.jenvrad.2022.107090						Shanghai OE Biotech Co., Ltd.	
ENA_PRJNA688413	FALSE	ENA	PRJNA688413	Soil microbiome dynamics after fertilization with organic versus mineral fertilization	Fertilization (soil)	Illumina	MiSeq	paired	16S rRNA	V4	250	515F	806R	GTGCCAGCMGCCGCGGTAA	GGACTACHVGGGTWT CTAAT			https://doi.org/10.1016/j.csbj.2023.05.030	Exgene Soil DNA Isolation Kit (GeneAll)					W. M. Keck Center for Comparative and Functional Genomics – University of Illinois at Urbana-Champaign (Urbana, IL, USA)	
ENA_PRJNA691369	FALSE	ENA	PRJNA691369	Global urban harbour and sewage bacterial communities	Harbor/sewage	Illumina	MiSeq	paired	16S rRNA	V4	250	515F-Y	806RB	GTGYCAGCMGCCGCGGTAA	GGACTACNVGGGTWTCTAAT			https://doi.org/10.1038/s44221-024-00315-5	FastDNA SPIN Kit for Soil (MP Biomedicals)	AMPure XP PCR Purification Beads (Beckman Coulter)		SequalPrep™ Normalization Plate Kit (Thermo Fisher Scientific)		Ramaciotti Centre for Genomics – University of New South Wales (Sydney, Australia)	
ENA_PRJNA699250	FALSE	ENA	PRJNA699250	Shackleton Glacier Region Soil Sequencing	Antarctica Shackleton glacier	Illumina	NextSeq600	paired	16S rRNA	V4	150	515F	806R	GTGYCAGCMGCCGCGGTAA	GGACTACVSGGGTATCTAAT			https://doi.org/10.1128/msystems.01254-22	DNeasy PowerSoil HTP 96 Kit (QIAGEN)			SequalPrep™ Normalization Plate Kit (Thermo Fisher Scientific)		in-house	
ENA_PRJNA725077	TRUE	ENA	PRJNA725077	The BR2 nuclear research reactor runs in successive phases of operation (cycle) and shutdown, whereby a water basin surrounding the reactor vessel undergoes periodic changes in physico-chemical parameters such as flow rate, temperature and radiation. The aim of this pioneering study is to explore the microbial community in this unique environment and to investigate its long-term dynamics using a 16S rRNA amplicon sequencing approach. Results from two sampling campaigns spanning several months showed a clear shift in community profiles: cycles were mostly dominated by two OTUs assigned to an unclassified Gammaproteobacterium and Pelomonas, whereas shutdowns were dominated by an OTU assigned to Methylobacterium. Although one year apart, both campaigns showed similar results, indicating that the system is consistent over time. The community shifts were linked with changes in flow rate, temperature and radiation by NMDS and correlation analyses. In addition, radiation was shown to cause a decrease in cell number, whereas temperature had the opposite effect. Chemoautotrophic use of H2 and dead cell recycling are proposed to be used as a strategies for nutrient retrieval in this extremely oligotrophic environment.	BR2 NRR	LS454	GS	paired	16S rRNA	V3-V4	464	Bakt_341F	Bakt_805R	CCTACGGGNGGCWGCAG	GACTACHVGGGTATCTAATCC			https://doi.org/10.1021/acs.est.2c07136	DNeasy PowerSoil Kit (QIAGEN)					Personal Biotechnology Co., Ltd. (Shanghai, China)	
ENA_PRJNA762046	TRUE	ENA	PRJNA762046	North American Project to Evaluate Soil Health Measurements	North America	Illumina	MiSeq	paired	16S rRNA	V4		515F	806R	GTGYCAGCMGCCGCGGTAA	GGACTACNVGGGTWTCTAAT			https://doi.org/10.1016/j.soilbio.2022.108618; https://doi.org/10.1038/s41598-023-41216-z	MagAttract PowerSoil DNA Kit (QIAGEN)					in-house	
ENA_PRJNA767436	FALSE	ENA	PRJNA767436	Statistical Learning and soil biogeochemistry after wildfire	Wildfire-impacted 2	Illumina	MiSeq	paired	16S rRNA	V4-V5	250	515F-Y	926R	GTGYCAGCMGCCGCGGTAA	CCGYCAATTYMTTTRAGTTT			https://doi.org/10.1128/aem.00343-22	ZymoBIOMICS DNA Miniprep Kit (Zymo Research)					Duke Center for Genomic and Computational Biology – Duke University (Durham, NC, USA)	
ENA_PRJNA770027	TRUE	ENA	PRJNA770027	Copper contaminated soil samples	Copper-contaminated (soil)	Illumina	MiSeq	paired	16S rRNA	V3-V4	464	Bakt_341F	Bakt_805R	CCTACGGGNGGCWGCAG	GACTACHVGGGTATCTAATCC			https://doi.org/10.1021/acs.est.2c07136	DNeasy PowerSoil Kit (QIAGEN)					Personal Biotechnology Co., Ltd. (Shanghai, China)	
ENA_PRJNA796317	TRUE	ENA	PRJNA796317	Pond B at Savannah River Site (SRS; South Carolina, USA) is a man-made, warm monomictic pond that received nuclear reactor cooling water between 1961-1964. The pond is contaminated with trace amounts of Cs-137, Sr-90, Am-241, Cm-244, and Pu-238,239,240. Since 1964, Pond B has remained relatively isolated except for a few radiological and macro ecological research studies, which demonstrated Pu redox cycling with seasonal anoxia. However, the microbial mechanism(s) involved in Pu cycling remains unknown. The objective of this study was to evaluate the biogeochemical factors that influence Pu redox cycling in Pond B, including identifying the bacterial and archaeal community through 16S rRNA amplicon sequencing.	SRS Pond B	Illumina 	NovaSeq 6000	paired	16S rRNA	V4		515F	806R	GTGYCAGCMGCCGCGGTAA	GGACTACVSGGGTATCTAAT			https://doi.org/10.1038/s41598-023-45182-4	DNeasy PowerBiofilm Kit (QIAGEN)					Molecular Research DNA Lab (Lubbock, TX, USA)	
ENA_PRJNA797551	FALSE	ENA	PRJNA797551	Study of molecular and cultural diversity of carbonatogenic bacterial communities sampled on concrete walls of a nuclear power plant, in order to select carbonatogenic bacterial strains capable to repair cracks.	NPP											University of Pau Uppa	Lors, Christine	https://doi.org/10.1007/s00253-022-12313-2							
ENA_PRJNA807934	TRUE	ENA	PRJNA807934	This project represents the most extensive survey of the microbial biodiversity in soils from sub-Saharan Africa. The main aim of the project was to catalogue the microbial ecology of surface soil across ten countries in the region. In addition, the project investigated the environmental drivers of microbial community diversity and structure, as well as explored the possible impact of climate change to the biodiversity in the region.	Sub-Saharan Africa	Illumina	NovaSeq 6000	paired	16S rRNA	V4-V5		515F	909R	GTGYCAGCMGCCGCGGTAA	CCCCGYCAATTCMTTTRAGT		DA Cowan	https://doi.org/10.1186/s40168-022-01297-w	DNeasy PowerSoil Kit (QIAGEN)	AMPure XP PCR Purification Beads (Beckman Coulter)				Molecular Research DNA Lab (Lubbock, TX, USA)	
ENA_PRJNA824344	FALSE	ENA	PRJNA824344	Bacterial biogeography in the subsoil	USA Mid-west	Illumina	HiSeq 2500	paired	16S rRNA	V4		515F	806R	GTGCCAGCMGCCGCGGTAA	GGACTACHVGGGTWTCTAAT			https://doi.org/10.1111/mec.16945	DNeasy PowerSoil HTP 96 Kit (QIAGEN)	SPRIselect® Beads (Beckman Coulter)		SequalPrep™ Normalization Plate Kit (Thermo Fisher Scientific)		in-house	
ENA_PRJNA858447	FALSE	ENA	PRJNA858447	Cover crop soil legacies alter soil microbial composition in corn crop	Corn crop	Illumina	MiSeq	paired	16S rRNA	V4	250	515F	806R	GTGCCAGCMGCCGCGGTAA	GGACTACHVGGGTWTCTAAT			https://dx.doi.org/10.2139/ssrn.4427950	NucleoSpin 96 Soil Kit (Macherey-Nagel)		Mag-Bind® TotalPure NGS Kit (Omega Bio-tek)	SequalPrep™ Normalization Plate Kit (Thermo Fisher Scientific)		Pennsylvania State Genomics Core Facility – Pennsylvania State University (State College, PA, USA)	
ENA_PRJNA863284	FALSE	ENA	PRJNA863284	Dimensions of Biodiversity - 2018 soil core microbial sequencing		Illumina	MiSeq	paired	16S rRNA	V4	300	515F	806R	GTGYCAGCMGCCGCGGTAA	GGACTACNVGGGTWTCTAAT			https://doi.org/10.1038/s43705-023-00237-5	DNeasy PowerSoil Kit (QIAGEN)	AMPure XP PCR Purification Beads (Beckman Coulter)				Genome Sequencing Core (GSC) – University of Kansas (Lawrence, KS, USA)	
ENA_PRJNA884124	FALSE	ENA	PRJNA884124	Year-long, monthly sampling of four coastal lagoons on the Central Coast, Australia.	Central Coast lagoons	Illumina	MiSeq	paired	16S rRNA	V3-V4	250	341F	805R	CCTACGGGNGGCWGCAG	GACTACHVGGGTATCTAATCC			https://doi.org/10.1016/j.scitotenv.2023.165862	DNeasy PowerWater Kit (QIAGEN)					Ramaciotti Centre for Genomics – University of New South Wales (Sydney, Australia)	
ENA_PRJNA898410	FALSE	ENA	PRJNA898410		SRS UC Boulder				16S rRNA																
ENA_PRJNA901217	TRUE	ENA	PRJNA901217	Microorganisms play an important role in the bioremediation process for the decommissioned acid in-situ leaching uranium mine. It is crucial to understand the original microbial community characteristics before the in-situ bioremediation. However, there are limited studies on the groundwater microbial characteristics in the decommissioned acid in-situ uranium mine. To this end, we collected groundwater samples, including the residual water (RW) and aquifer water (AW) samples, from a decommissioned acid in-situ uranium mine in the southern margin of Ili Basin in Xinjiang, China. The occurrence characteristics of the groundwater microbial communities and their correlation with environmental factors were systematically studied based on the high throughput 16S rDNA gene sequencing data.	Decommissioned acid ISL mine	Illumina	MiSeq	paired	16S rRNA	V3-V4	300	338F	806R	ACTCCTACGGGAGGCAGCAG	GGACTACHVGGGTWTCTAAT		Li, Jiang	https://doi.org/10.3389/fmicb.2022.1078393	E.Z.N.A. Soil DNA Kit (Omega Bio-tek)		AxyPrep™ DNA Gel Extraction Kit (Axygen Biosciences)			Majorbio Bio-Pharm Technology Co., Ltd. (Shanghai, China)	
ENA_PRJNA974875	FALSE	ENA	PRJNA974875	Kiwifruit soil, leaf and fruit samples	Kiwifruit orchards	Illumina	MiSeq PE300	paired	16S rRNA	V3-V4		341F	785R	CCTACGGGNGGCWGCAG	GACTACHVGGGTATCTAATCC			https://doi.org/10.1186/s40793-023-00526-5	DNeasy PowerSoil HTP 96 Kit (QIAGEN)		DNA Clean & Concentrator® Kits (Zymo Research)			New Zealand Genomics Ltd. (Auckland, New Zealand)	
ENA_PRJNA978954	FALSE	ENA	PRJNA978954	Marine microbial biofilms conditioned on concrete tetrahedral blocks deployed in aquaria and reef conditions for one, two, and three months. Microbial biofilms were used in coral larval settlement choice assays in order to characterize microbial communities that induce high and low coral larval settlement.	Marine biofilms	Illumina	MiSeq	paired	16S rRNA	V4	150	515F	806R	GTGCCAGCMGCCGCGGTAA	GGACTACHVGGGTWTCTAAT			https://doi.org/10.1038/s43705-023-00320-x	DNeasy UltraClean Microbial Kit (QIAGEN)					Ramaciotti Centre for Genomics – University of New South Wales (Sydney, Australia)	
ENA_PRJNA982529	FALSE	ENA	PRJNA982529	Activated sludge samples	Activated sludge	Illumina	MiSeq	paired	16S rRNA	V3-V4	300	338F	806R	ACTCCTACGGGAGGCAGCAG	GGACTACHVGGGTWTCTAAT			https://doi.org/10.21203/rs.3.rs-3063416/v1	E.Z.N.A. Soil DNA Kit (Omega Bio-tek)					Majorbio Bio-Pharm Technology Co., Ltd. (Shanghai, China)	
ENA_PRJNA996897	TRUE	ENA	PRJNA996897	Shift in microbial communities along little stream born from an old uranium mine drainage		Illumina	MiSeq	paired	16S rRNA	V4-V5		515F	928R	GTGYCAGCMGCCGCGGTA	CCCCGYCAATTCMTTTRAGT		Montavon, Gilles	https://doi.org/10.1016/j.scitotenv.2024.170692	NucleoSpin Soil Kit (Macherey-Nagel)					GeT-PlaGe Platform – INRAE (Toulouse, France)	
